mean_fit_time,std_fit_time,mean_score_time,std_score_time,params,split0_test_accuracy,split1_test_accuracy,split2_test_accuracy,split3_test_accuracy,split4_test_accuracy,mean_test_accuracy,std_test_accuracy,rank_test_accuracy,split0_train_accuracy,split1_train_accuracy,split2_train_accuracy,split3_train_accuracy,split4_train_accuracy,mean_train_accuracy,std_train_accuracy,split0_test_r2,split1_test_r2,split2_test_r2,split3_test_r2,split4_test_r2,mean_test_r2,std_test_r2,rank_test_r2,split0_train_r2,split1_train_r2,split2_train_r2,split3_train_r2,split4_train_r2,mean_train_r2,std_train_r2,split0_test_roc_auc,split1_test_roc_auc,split2_test_roc_auc,split3_test_roc_auc,split4_test_roc_auc,mean_test_roc_auc,std_test_roc_auc,rank_test_roc_auc,split0_train_roc_auc,split1_train_roc_auc,split2_train_roc_auc,split3_train_roc_auc,split4_train_roc_auc,mean_train_roc_auc,std_train_roc_auc
66.31709294319153,1.458121822235622,23.301940059661867,0.8225360527311405,{},0.9440497489968559,0.9462384269311609,0.9431117441678681,0.9451614584238045,0.9436830128372158,0.9444488835927919,0.0011175025314161854,1,0.9445486681084273,0.9440014938725171,0.9447831713523889,0.9442707383378063,0.9446403446299223,0.9444488832602124,0.0002793764049439112,0.7761989942992208,0.78495370610248,0.7724469749549668,0.7806458320405588,0.7747320496494763,0.7777955326949841,0.004470010159399608,1,0.7781946707605313,0.77600597380038,0.7791326837434533,0.7770829516696608,0.7785613768493067,0.7777955313646665,0.0011175056282095475,0.9536603923632452,0.954599926984989,0.9515864386830024,0.9536472778455313,0.9517387494514025,0.9530465661525849,0.0011826168398613524,1,0.9529013712722504,0.9526814660411911,0.9534205163042446,0.9529225733536563,0.9533670594289717,0.9530585972800628,0.00028690931486963667
